date,close,operating_income
04/01/2016,14385,2281710000
05/01/2016,15638,2281710000
06/01/2016,16541,2281710000
07/01/2016,16215,2281710000
08/01/2016,17668,2281710000
11/01/2016,17593,2281710000
12/01/2016,17142,2281710000
13/01/2016,17092,2281710000
14/01/2016,16741,2281710000
15/01/2016,17719,2281710000
18/01/2016,17668,2281710000
19/01/2016,17042,2281710000
20/01/2016,16541,2281710000
21/01/2016,16992,2281710000
22/01/2016,17142,2281710000
25/01/2016,17543,2281710000
26/01/2016,17343,2281710000
27/01/2016,17919,2281710000
28/01/2016,17443,2281710000
29/01/2016,17318,2281710000
01/02/2016,18596,2281710000
02/02/2016,17919,2281710000
03/02/2016,17618,2281710000
04/02/2016,18270,2281710000
05/02/2016,19298,2281710000
11/02/2016,18320,2281710000
12/02/2016,16290,2281710000
15/02/2016,16992,2281710000
16/02/2016,17794,2281710000
17/02/2016,18220,2281710000
18/02/2016,18646,2281710000
19/02/2016,20275,2281710000
22/02/2016,18972,2281710000
23/02/2016,19598,2281710000
24/02/2016,19523,2281710000
25/02/2016,20776,2281710000
26/02/2016,19724,2281710000
29/02/2016,19172,2281710000
02/03/2016,19298,2281710000
03/03/2016,18796,2281710000
04/03/2016,18696,2281710000
07/03/2016,18044,2281710000
08/03/2016,17944,2281710000
09/03/2016,17969,2281710000
10/03/2016,19122,2281710000
11/03/2016,18897,2281710000
14/03/2016,18771,2281710000
15/03/2016,18320,2281710000
16/03/2016,18295,2281710000
17/03/2016,17794,2281710000
18/03/2016,17919,2281710000
21/03/2016,17919,2281710000
22/03/2016,17744,2281710000
23/03/2016,17694,2281710000
24/03/2016,17694,2281710000
25/03/2016,18120,2281710000
28/03/2016,18145,2281710000
29/03/2016,18120,2281710000
30/03/2016,18195,2281710000
31/03/2016,18746,2281710000
01/04/2016,18796,1603390000
04/04/2016,18646,1603390000
05/04/2016,18420,1603390000
06/04/2016,18195,1603390000
07/04/2016,17819,1603390000
08/04/2016,17568,1603390000
11/04/2016,16566,1603390000
12/04/2016,16340,1603390000
14/04/2016,16090,1603390000
15/04/2016,16616,1603390000
18/04/2016,16039,1603390000
19/04/2016,16365,1603390000
20/04/2016,16516,1603390000
21/04/2016,16390,1603390000
22/04/2016,15764,1603390000
25/04/2016,14987,1603390000
26/04/2016,14786,1603390000
27/04/2016,14260,1603390000
28/04/2016,14536,1603390000
29/04/2016,14285,1603390000
02/05/2016,13784,1603390000
03/05/2016,13533,1603390000
04/05/2016,13684,1603390000
09/05/2016,13709,1603390000
10/05/2016,14059,1603390000
11/05/2016,14009,1603390000
12/05/2016,14160,1603390000
13/05/2016,13784,1603390000
16/05/2016,14009,1603390000
17/05/2016,13533,1603390000
18/05/2016,13007,1603390000
19/05/2016,12531,1603390000
20/05/2016,11528,1603390000
23/05/2016,11453,1603390000
24/05/2016,11415,1603390000
25/05/2016,12080,1603390000
26/05/2016,11704,1603390000
27/05/2016,12380,1603390000
30/05/2016,12130,1603390000
31/05/2016,13408,1603390000
01/06/2016,13308,1603390000
02/06/2016,13834,1603390000
03/06/2016,14536,1603390000
07/06/2016,14686,1603390000
08/06/2016,14761,1603390000
09/06/2016,14385,1603390000
10/06/2016,14611,1603390000
13/06/2016,14360,1603390000
14/06/2016,14385,1603390000
15/06/2016,13909,1603390000
16/06/2016,13784,1603390000
17/06/2016,13433,1603390000
20/06/2016,13508,1603390000
21/06/2016,13182,1603390000
22/06/2016,13408,1603390000
23/06/2016,13182,1603390000
24/06/2016,12330,1603390000
27/06/2016,12330,1603390000
28/06/2016,12581,1603390000
29/06/2016,12856,1603390000
30/06/2016,13032,1603390000
01/07/2016,13784,363070000
04/07/2016,13533,363070000
05/07/2016,13809,363070000
06/07/2016,13533,363070000
07/07/2016,13784,363070000
08/07/2016,14135,363070000
11/07/2016,14085,363070000
12/07/2016,15062,363070000
13/07/2016,17267,363070000
14/07/2016,17293,363070000
15/07/2016,16666,363070000
18/07/2016,17267,363070000
19/07/2016,16516,363070000
20/07/2016,16491,363070000
21/07/2016,16791,363070000
22/07/2016,16365,363070000
25/07/2016,15739,363070000
26/07/2016,15313,363070000
27/07/2016,16039,363070000
28/07/2016,16992,363070000
29/07/2016,16992,363070000
01/08/2016,16766,363070000
02/08/2016,16390,363070000
03/08/2016,17393,363070000
04/08/2016,17117,363070000
05/08/2016,16917,363070000
08/08/2016,17042,363070000
09/08/2016,16791,363070000
10/08/2016,17293,363070000
11/08/2016,17293,363070000
12/08/2016,17167,363070000
16/08/2016,16741,363070000
17/08/2016,16491,363070000
18/08/2016,16917,363070000
19/08/2016,18044,363070000
22/08/2016,17919,363070000
23/08/2016,17994,363070000
24/08/2016,17869,363070000
25/08/2016,18295,363070000
26/08/2016,17819,363070000
29/08/2016,16741,363070000
30/08/2016,17067,363070000
31/08/2016,17067,363070000
01/09/2016,16816,363070000
02/09/2016,17117,363070000
05/09/2016,17117,363070000
06/09/2016,16841,363070000
07/09/2016,16516,363070000
08/09/2016,16365,363070000
09/09/2016,15288,363070000
12/09/2016,14034,363070000
13/09/2016,13608,363070000
19/09/2016,13784,363070000
20/09/2016,14636,363070000
21/09/2016,15137,363070000
22/09/2016,15338,363070000
23/09/2016,15338,363070000
26/09/2016,15313,363070000
27/09/2016,15638,363070000
28/09/2016,15413,363070000
29/09/2016,15739,363070000
30/09/2016,15638,363070000
04/10/2016,15262,-4917680000
05/10/2016,14912,-4917680000
06/10/2016,14711,-4917680000
07/10/2016,14786,-4917680000
10/10/2016,14736,-4917680000
11/10/2016,14360,-4917680000
12/10/2016,14110,-4917680000
13/10/2016,13934,-4917680000
14/10/2016,14210,-4917680000
17/10/2016,13734,-4917680000
18/10/2016,13383,-4917680000
19/10/2016,13308,-4917680000
20/10/2016,13684,-4917680000
21/10/2016,13533,-4917680000
24/10/2016,13809,-4917680000
25/10/2016,13884,-4917680000
26/10/2016,13784,-4917680000
27/10/2016,14260,-4917680000
28/10/2016,14160,-4917680000
31/10/2016,13458,-4917680000
01/11/2016,13358,-4917680000
02/11/2016,13232,-4917680000
03/11/2016,12932,-4917680000
04/11/2016,12957,-4917680000
07/11/2016,12957,-4917680000
08/11/2016,12606,-4917680000
09/11/2016,12455,-4917680000
10/11/2016,12907,-4917680000
11/11/2016,12831,-4917680000
14/11/2016,12731,-4917680000
15/11/2016,12330,-4917680000
16/11/2016,12067,-4917680000
17/11/2016,11816,-4917680000
18/11/2016,12029,-4917680000
21/11/2016,11679,-4917680000
22/11/2016,11177,-4917680000
23/11/2016,11278,-4917680000
24/11/2016,11628,-4917680000
25/11/2016,11741,-4917680000
28/11/2016,11641,-4917680000
29/11/2016,11904,-4917680000
30/11/2016,12343,-4917680000
01/12/2016,12506,-4917680000
02/12/2016,12493,-4917680000
05/12/2016,12443,-4917680000
06/12/2016,12706,-4917680000
07/12/2016,12506,-4917680000
08/12/2016,12556,-4917680000
09/12/2016,12393,-4917680000
12/12/2016,13032,-4917680000
13/12/2016,13107,-4917680000
14/12/2016,12907,-4917680000
15/12/2016,12781,-4917680000
16/12/2016,12781,-4917680000
19/12/2016,13784,-4917680000
20/12/2016,13759,-4917680000
21/12/2016,14034,-4917680000
22/12/2016,13383,-4917680000
23/12/2016,13658,-4917680000
26/12/2016,13533,-4917680000
27/12/2016,14034,-4917680000
28/12/2016,14260,-4917680000
29/12/2016,14636,-4917680000
02/01/2017,14511,-6858440000
03/01/2017,14611,-6858440000
04/01/2017,14561,-6858440000
05/01/2017,14636,-6858440000
06/01/2017,14636,-6858440000
09/01/2017,14561,-6858440000
10/01/2017,13608,-6858440000
11/01/2017,13684,-6858440000
12/01/2017,13934,-6858440000
13/01/2017,14034,-6858440000
16/01/2017,13784,-6858440000
17/01/2017,13608,-6858440000
18/01/2017,13558,-6858440000
19/01/2017,13533,-6858440000
20/01/2017,13082,-6858440000
23/01/2017,12681,-6858440000
24/01/2017,11879,-6858440000
25/01/2017,12418,-6858440000
26/01/2017,13032,-6858440000
31/01/2017,12656,-6858440000
01/02/2017,12781,-6858440000
02/02/2017,12280,-6858440000
03/02/2017,12017,-6858440000
06/02/2017,12004,-6858440000
07/02/2017,11641,-6858440000
08/02/2017,11528,-6858440000
09/02/2017,11440,-6858440000
10/02/2017,11729,-6858440000
13/02/2017,11729,-6858440000
14/02/2017,11816,-6858440000
15/02/2017,11829,-6858440000
16/02/2017,11653,-6858440000
17/02/2017,11917,-6858440000
20/02/2017,11929,-6858440000
21/02/2017,11942,-6858440000
22/02/2017,12581,-6858440000
23/02/2017,12405,-6858440000
24/02/2017,11954,-6858440000
27/02/2017,11641,-6858440000
28/02/2017,11553,-6858440000
02/03/2017,11566,-6858440000
03/03/2017,11566,-6858440000
06/03/2017,11378,-6858440000
07/03/2017,11553,-6858440000
08/03/2017,11328,-6858440000
09/03/2017,11252,-6858440000
10/03/2017,11152,-6858440000
13/03/2017,10927,-6858440000
14/03/2017,10851,-6858440000
15/03/2017,10638,-6858440000
16/03/2017,11002,-6858440000
17/03/2017,11177,-6858440000
20/03/2017,11152,-6858440000
21/03/2017,10877,-6858440000
22/03/2017,10851,-6858440000
23/03/2017,10588,-6858440000
24/03/2017,10726,-6858440000
27/03/2017,10526,-6858440000
28/03/2017,10237,-6858440000
29/03/2017,10212,-6858440000
30/03/2017,10112,-6858440000
31/03/2017,10438,-6858440000
03/04/2017,10425,-8740300000
04/04/2017,10288,-8740300000
05/04/2017,10300,-8740300000
06/04/2017,10400,-8740300000
07/04/2017,10526,-8740300000
10/04/2017,10325,-8740300000
11/04/2017,10150,-8740300000
12/04/2017,9999,-8740300000
13/04/2017,10325,-8740300000
14/04/2017,10112,-8740300000
17/04/2017,10212,-8740300000
18/04/2017,10200,-8740300000
19/04/2017,10263,-8740300000
20/04/2017,10438,-8740300000
21/04/2017,10413,-8740300000
24/04/2017,10062,-8740300000
25/04/2017,9811,-8740300000
26/04/2017,9623,-8740300000
27/04/2017,9323,-8740300000
28/04/2017,9461,-8740300000
02/05/2017,9623,-8740300000
04/05/2017,9523,-8740300000
08/05/2017,9498,-8740300000
10/05/2017,9523,-8740300000
11/05/2017,9699,-8740300000
12/05/2017,9523,-8740300000
15/05/2017,9461,-8740300000
16/05/2017,9147,-8740300000
17/05/2017,8721,-8740300000
18/05/2017,8521,-8740300000
19/05/2017,8721,-8740300000
22/05/2017,8558,-8740300000
23/05/2017,8633,-8740300000
24/05/2017,8633,-8740300000
25/05/2017,8558,-8740300000
26/05/2017,8872,-8740300000
29/05/2017,8721,-8740300000
30/05/2017,8796,-8740300000
31/05/2017,8696,-8740300000
01/06/2017,9235,-8740300000
02/06/2017,9273,-8740300000
05/06/2017,9235,-8740300000
07/06/2017,9060,-8740300000
08/06/2017,9385,-8740300000
09/06/2017,9699,-8740300000
12/06/2017,9473,-8740300000
13/06/2017,9548,-8740300000
14/06/2017,9273,-8740300000
15/06/2017,9285,-8740300000
16/06/2017,9373,-8740300000
19/06/2017,9774,-8740300000
20/06/2017,9536,-8740300000
21/06/2017,9661,-8740300000
22/06/2017,9987,-8740300000
23/06/2017,10050,-8740300000
26/06/2017,10125,-8740300000
27/06/2017,10425,-8740300000
28/06/2017,10313,-8740300000
29/06/2017,10012,-8740300000
30/06/2017,9473,-8740300000
03/07/2017,9022,-7093940000
04/07/2017,8984,-7093940000
05/07/2017,9147,-7093940000
06/07/2017,9210,-7093940000
07/07/2017,8984,-7093940000
10/07/2017,8696,-7093940000
11/07/2017,8646,-7093940000
12/07/2017,8596,-7093940000
13/07/2017,8320,-7093940000
14/07/2017,7744,-7093940000
17/07/2017,7781,-7093940000
18/07/2017,7794,-7093940000
19/07/2017,8045,-7093940000
20/07/2017,7994,-7093940000
21/07/2017,7907,-7093940000
24/07/2017,8157,-7093940000
25/07/2017,8095,-7093940000
26/07/2017,7894,-7093940000
27/07/2017,7882,-7093940000
28/07/2017,7418,-7093940000
31/07/2017,7142,-7093940000
01/08/2017,7280,-7093940000
02/08/2017,7606,-7093940000
03/08/2017,7468,-7093940000
04/08/2017,7531,-7093940000
07/08/2017,7518,-7093940000
08/08/2017,7618,-7093940000
09/08/2017,7506,-7093940000
10/08/2017,7405,-7093940000
11/08/2017,7268,-7093940000
14/08/2017,7067,-7093940000
16/08/2017,7268,-7093940000
17/08/2017,7117,-7093940000
18/08/2017,6779,-7093940000
21/08/2017,7669,-7093940000
22/08/2017,7355,-7093940000
23/08/2017,7919,-7093940000
24/08/2017,8145,-7093940000
25/08/2017,8107,-7093940000
28/08/2017,7994,-7093940000
29/08/2017,7894,-7093940000
30/08/2017,8270,-7093940000
31/08/2017,8170,-7093940000
01/09/2017,8433,-7093940000
04/09/2017,8395,-7093940000
05/09/2017,8320,-7093940000
06/09/2017,8245,-7093940000
07/09/2017,8370,-7093940000
08/09/2017,8345,-7093940000
11/09/2017,8095,-7093940000
12/09/2017,8007,-7093940000
13/09/2017,7869,-7093940000
14/09/2017,7468,-7093940000
15/09/2017,7117,-7093940000
18/09/2017,7117,-7093940000
19/09/2017,7067,-7093940000
20/09/2017,7067,-7093940000
21/09/2017,6929,-7093940000
22/09/2017,6791,-7093940000
25/09/2017,6215,-7093940000
26/09/2017,5877,-7093940000
27/09/2017,5889,-7093940000
28/09/2017,6014,-7093940000
29/09/2017,6090,-7093940000
10/10/2017,5902,-8787260000
11/10/2017,6040,-8787260000
12/10/2017,5889,-8787260000
13/10/2017,5651,-8787260000
16/10/2017,5375,-8787260000
17/10/2017,5375,-8787260000
18/10/2017,5400,-8787260000
19/10/2017,5576,-8787260000
20/10/2017,5563,-8787260000
23/10/2017,5588,-8787260000
24/10/2017,5588,-8787260000
25/10/2017,5689,-8787260000
26/10/2017,5551,-8787260000
27/10/2017,5864,-8787260000
30/10/2017,5801,-8787260000
31/10/2017,6290,-8787260000
01/11/2017,6253,-8787260000
02/11/2017,6315,-8787260000
03/11/2017,6278,-8787260000
06/11/2017,6115,-8787260000
07/11/2017,6002,-8787260000
08/11/2017,6014,-8787260000
09/11/2017,6052,-8787260000
10/11/2017,6127,-8787260000
13/11/2017,6014,-8787260000
14/11/2017,6140,-8787260000
15/11/2017,6441,-8787260000
16/11/2017,6403,-8787260000
17/11/2017,6365,-8787260000
20/11/2017,6265,-8787260000
21/11/2017,6165,-8787260000
22/11/2017,5826,-8787260000
23/11/2017,5939,-8787260000
24/11/2017,5989,-8787260000
27/11/2017,6014,-8787260000
28/11/2017,5864,-8787260000
29/11/2017,5989,-8787260000
30/11/2017,5864,-8787260000
01/12/2017,5789,-8787260000
04/12/2017,5588,-8787260000
05/12/2017,5626,-8787260000
06/12/2017,5551,-8787260000
07/12/2017,5463,-8787260000
08/12/2017,5463,-8787260000
11/12/2017,5388,-8787260000
12/12/2017,5375,-8787260000
13/12/2017,5350,-8787260000
14/12/2017,5563,-8787260000
15/12/2017,5551,-8787260000
18/12/2017,5413,-8787260000
19/12/2017,5112,-8787260000
20/12/2017,4786,-8787260000
21/12/2017,4573,-8787260000
22/12/2017,4586,-8787260000
26/12/2017,4511,-8787260000
27/12/2017,4661,-8787260000
28/12/2017,4761,-8787260000
02/01/2018,4874,-5122380000
03/01/2018,4862,-5122380000
04/01/2018,4837,-5122380000
05/01/2018,4887,-5122380000
08/01/2018,4786,-5122380000
09/01/2018,6215,-5122380000
10/01/2018,7192,-5122380000
11/01/2018,6804,-5122380000
12/01/2018,6704,-5122380000
15/01/2018,6491,-5122380000
16/01/2018,6704,-5122380000
17/01/2018,6804,-5122380000
18/01/2018,6879,-5122380000
19/01/2018,6954,-5122380000
22/01/2018,6879,-5122380000
23/01/2018,6691,-5122380000
24/01/2018,6616,-5122380000
25/01/2018,6892,-5122380000
26/01/2018,7092,-5122380000
29/01/2018,6942,-5122380000
30/01/2018,7268,-5122380000
31/01/2018,7518,-5122380000
01/02/2018,7631,-5122380000
02/02/2018,7982,-5122380000
05/02/2018,7268,-5122380000
06/02/2018,6992,-5122380000
07/02/2018,6566,-5122380000
08/02/2018,6791,-5122380000
09/02/2018,6516,-5122380000
12/02/2018,6616,-5122380000
13/02/2018,6466,-5122380000
14/02/2018,6478,-5122380000
19/02/2018,6729,-5122380000
20/02/2018,6766,-5122380000
21/02/2018,6766,-5122380000
22/02/2018,6616,-5122380000
23/02/2018,6654,-5122380000
26/02/2018,6441,-5122380000
27/02/2018,6215,-5122380000
28/02/2018,5902,-5122380000
02/03/2018,5714,-5122380000
05/03/2018,5488,-5122380000
06/03/2018,5613,-5122380000
07/03/2018,5388,-5122380000
08/03/2018,5438,-5122380000
09/03/2018,5626,-5122380000
12/03/2018,5776,-5122380000
13/03/2018,5714,-5122380000
14/03/2018,5676,-5122380000
15/03/2018,5676,-5122380000
16/03/2018,5939,-5122380000
19/03/2018,5764,-5122380000
20/03/2018,5826,-5122380000
21/03/2018,5814,-5122380000
22/03/2018,5701,-5122380000
23/03/2018,5375,-5122380000
26/03/2018,5400,-5122380000
27/03/2018,5375,-5122380000
28/03/2018,5200,-5122380000
29/03/2018,5025,-5122380000
30/03/2018,5187,-5122380000
02/04/2018,5087,2517110000
03/04/2018,5062,2517110000
04/04/2018,5075,2517110000
05/04/2018,5125,2517110000
06/04/2018,5025,2517110000
09/04/2018,4937,2517110000
10/04/2018,4937,2517110000
11/04/2018,5150,2517110000
12/04/2018,5275,2517110000
13/04/2018,5187,2517110000
16/04/2018,5187,2517110000
17/04/2018,5263,2517110000
18/04/2018,5764,2517110000
19/04/2018,6002,2517110000
20/04/2018,5964,2517110000
23/04/2018,5814,2517110000
24/04/2018,5563,2517110000
25/04/2018,5350,2517110000
26/04/2018,5476,2517110000
27/04/2018,5388,2517110000
30/04/2018,5288,2517110000
02/05/2018,5200,2517110000
03/05/2018,5175,2517110000
04/05/2018,5037,2517110000
08/05/2018,4899,2517110000
09/05/2018,5012,2517110000
10/05/2018,5050,2517110000
11/05/2018,5050,2517110000
14/05/2018,5050,2517110000
15/05/2018,5012,2517110000
16/05/2018,4949,2517110000
17/05/2018,4949,2517110000
18/05/2018,5125,2517110000
21/05/2018,5162,2517110000
23/05/2018,5087,2517110000
24/05/2018,5075,2517110000
25/05/2018,4962,2517110000
28/05/2018,4949,2517110000
29/05/2018,4949,2517110000
30/05/2018,4874,2517110000
31/05/2018,4874,2517110000
01/06/2018,4987,2517110000
04/06/2018,5263,2517110000
05/06/2018,5313,2517110000
07/06/2018,5488,2517110000
08/06/2018,5413,2517110000
11/06/2018,5263,2517110000
12/06/2018,5238,2517110000
14/06/2018,5212,2517110000
15/06/2018,5112,2517110000
18/06/2018,4849,2517110000
19/06/2018,4924,2517110000
20/06/2018,4912,2517110000
21/06/2018,4711,2517110000
22/06/2018,4649,2517110000
25/06/2018,4711,2517110000
26/06/2018,4624,2517110000
27/06/2018,4611,2517110000
28/06/2018,4423,2517110000
29/06/2018,4335,2517110000
02/07/2018,4323,2047890000
03/07/2018,4223,2047890000
04/07/2018,4298,2047890000
05/07/2018,4310,2047890000
06/07/2018,4398,2047890000
09/07/2018,4736,2047890000
10/07/2018,4849,2047890000
11/07/2018,4761,2047890000
12/07/2018,4774,2047890000
13/07/2018,4811,2047890000
16/07/2018,5012,2047890000
17/07/2018,5125,2047890000
18/07/2018,5087,2047890000
19/07/2018,5025,2047890000
20/07/2018,5012,2047890000
23/07/2018,4937,2047890000
24/07/2018,4862,2047890000
25/07/2018,4761,2047890000
26/07/2018,4811,2047890000
27/07/2018,4749,2047890000
30/07/2018,4824,2047890000
31/07/2018,4824,2047890000
01/08/2018,4912,2047890000
02/08/2018,4962,2047890000
03/08/2018,4987,2047890000
06/08/2018,4899,2047890000
07/08/2018,4899,2047890000
08/08/2018,5075,2047890000
09/08/2018,5087,2047890000
10/08/2018,5012,2047890000
13/08/2018,4862,2047890000
14/08/2018,5075,2047890000
16/08/2018,5037,2047890000
17/08/2018,5275,2047890000
20/08/2018,5225,2047890000
21/08/2018,5137,2047890000
22/08/2018,5100,2047890000
23/08/2018,5050,2047890000
24/08/2018,5275,2047890000
27/08/2018,5200,2047890000
28/08/2018,5250,2047890000
29/08/2018,5288,2047890000
30/08/2018,5275,2047890000
31/08/2018,5263,2047890000
03/09/2018,5187,2047890000
04/09/2018,5263,2047890000
05/09/2018,5263,2047890000
06/09/2018,5187,2047890000
07/09/2018,5200,2047890000
10/09/2018,5187,2047890000
11/09/2018,5187,2047890000
12/09/2018,5137,2047890000
13/09/2018,5175,2047890000
14/09/2018,5137,2047890000
17/09/2018,5062,2047890000
18/09/2018,5050,2047890000
19/09/2018,4987,2047890000
20/09/2018,4962,2047890000
21/09/2018,4962,2047890000
27/09/2018,4811,2047890000
28/09/2018,4736,2047890000
01/10/2018,4849,2414560000
02/10/2018,4799,2414560000
04/10/2018,4649,2414560000
05/10/2018,4598,2414560000
08/10/2018,4636,2414560000
10/10/2018,4273,2414560000
11/10/2018,4210,2414560000
12/10/2018,4323,2414560000
15/10/2018,4235,2414560000
16/10/2018,4298,2414560000
17/10/2018,4298,2414560000
18/10/2018,4285,2414560000
19/10/2018,4310,2414560000
22/10/2018,4410,2414560000
23/10/2018,4248,2414560000
24/10/2018,4160,2414560000
25/10/2018,4022,2414560000
26/10/2018,4009,2414560000
29/10/2018,3759,2414560000
30/10/2018,3847,2414560000
31/10/2018,3922,2414560000
01/11/2018,4047,2414560000
02/11/2018,4172,2414560000
05/11/2018,4197,2414560000
06/11/2018,4135,2414560000
07/11/2018,4498,2414560000
08/11/2018,4511,2414560000
09/11/2018,4473,2414560000
12/11/2018,4423,2414560000
13/11/2018,4285,2414560000
14/11/2018,4360,2414560000
15/11/2018,4473,2414560000
16/11/2018,4573,2414560000
19/11/2018,4548,2414560000
20/11/2018,4511,2414560000
21/11/2018,4736,2414560000
22/11/2018,4711,2414560000
23/11/2018,4699,2414560000
26/11/2018,4674,2414560000
27/11/2018,4774,2414560000
28/11/2018,4761,2414560000
29/11/2018,4711,2414560000
30/11/2018,4711,2414560000
03/12/2018,4824,2414560000
04/12/2018,4811,2414560000
05/12/2018,4799,2414560000
06/12/2018,4749,2414560000
07/12/2018,4786,2414560000
10/12/2018,4774,2414560000
11/12/2018,4699,2414560000
12/12/2018,4874,2414560000
13/12/2018,4849,2414560000
14/12/2018,4799,2414560000
17/12/2018,4774,2414560000
18/12/2018,4736,2414560000
19/12/2018,4724,2414560000
20/12/2018,4711,2414560000
21/12/2018,4699,2414560000
24/12/2018,4674,2414560000
26/12/2018,4586,2414560000
27/12/2018,4649,2414560000
28/12/2018,4774,2414560000
02/01/2019,5087,-2500140000
03/01/2019,5187,-2500140000
04/01/2019,5112,-2500140000
07/01/2019,5238,-2500140000
08/01/2019,5137,-2500140000
09/01/2019,5238,-2500140000
10/01/2019,5212,-2500140000
11/01/2019,5238,-2500140000
14/01/2019,5238,-2500140000
15/01/2019,5150,-2500140000
16/01/2019,5238,-2500140000
17/01/2019,5225,-2500140000
18/01/2019,5275,-2500140000
21/01/2019,5363,-2500140000
22/01/2019,5363,-2500140000
23/01/2019,5313,-2500140000
24/01/2019,5225,-2500140000
25/01/2019,5212,-2500140000
28/01/2019,5137,-2500140000
29/01/2019,5112,-2500140000
30/01/2019,5200,-2500140000
31/01/2019,5288,-2500140000
01/02/2019,5476,-2500140000
07/02/2019,5613,-2500140000
08/02/2019,5601,-2500140000
11/02/2019,5551,-2500140000
12/02/2019,5551,-2500140000
13/02/2019,5613,-2500140000
14/02/2019,5626,-2500140000
15/02/2019,5513,-2500140000
18/02/2019,5513,-2500140000
19/02/2019,5513,-2500140000
20/02/2019,5551,-2500140000
21/02/2019,5451,-2500140000
22/02/2019,5476,-2500140000
25/02/2019,5626,-2500140000
26/02/2019,5651,-2500140000
27/02/2019,5689,-2500140000
28/02/2019,5513,-2500140000
04/03/2019,5513,-2500140000
05/03/2019,5488,-2500140000
06/03/2019,6616,-2500140000
07/03/2019,7130,-2500140000
08/03/2019,7192,-2500140000
11/03/2019,7192,-2500140000
12/03/2019,7744,-2500140000
13/03/2019,7944,-2500140000
14/03/2019,8157,-2500140000
15/03/2019,8220,-2500140000
18/03/2019,8232,-2500140000
19/03/2019,8270,-2500140000
20/03/2019,8471,-2500140000
21/03/2019,8345,-2500140000
22/03/2019,8395,-2500140000
25/03/2019,8145,-2500140000
26/03/2019,8145,-2500140000
27/03/2019,8446,-2500140000
28/03/2019,8182,-2500140000
29/03/2019,8220,-2500140000
01/04/2019,8395,982800000
02/04/2019,8395,982800000
03/04/2019,8082,982800000
04/04/2019,8207,982800000
05/04/2019,8521,982800000
08/04/2019,8872,982800000
09/04/2019,9273,982800000
10/04/2019,9197,982800000
11/04/2019,9097,982800000
12/04/2019,9260,982800000
15/04/2019,9072,982800000
16/04/2019,8847,982800000
17/04/2019,8847,982800000
18/04/2019,8771,982800000
19/04/2019,9285,982800000
22/04/2019,9310,982800000
23/04/2019,9248,982800000
24/04/2019,8984,982800000
25/04/2019,8947,982800000
26/04/2019,8847,982800000
29/04/2019,8709,982800000
30/04/2019,8696,982800000
02/05/2019,8646,982800000
03/05/2019,8596,982800000
07/05/2019,8596,982800000
08/05/2019,8721,982800000
09/05/2019,8232,982800000
10/05/2019,8245,982800000
13/05/2019,8157,982800000
14/05/2019,8145,982800000
15/05/2019,8446,982800000
16/05/2019,8095,982800000
17/05/2019,8120,982800000
20/05/2019,8095,982800000
21/05/2019,8847,982800000
22/05/2019,8608,982800000
23/05/2019,8270,982800000
24/05/2019,8245,982800000
27/05/2019,8270,982800000
28/05/2019,8245,982800000
29/05/2019,8095,982800000
30/05/2019,8496,982800000
31/05/2019,8508,982800000
03/06/2019,8947,982800000
04/06/2019,9987,982800000
05/06/2019,10839,982800000
07/06/2019,11378,982800000
10/06/2019,11328,982800000
11/06/2019,11478,982800000
12/06/2019,11729,982800000
13/06/2019,11754,982800000
14/06/2019,12468,982800000
17/06/2019,12255,982800000
18/06/2019,12831,982800000
19/06/2019,12355,982800000
20/06/2019,13408,982800000
21/06/2019,13257,982800000
24/06/2019,13007,982800000
25/06/2019,12932,982800000
26/06/2019,12831,982800000
27/06/2019,12380,982800000
28/06/2019,12531,982800000
01/07/2019,12242,3778850000
02/07/2019,12380,3778850000
03/07/2019,12180,3778850000
04/07/2019,12205,3778850000
05/07/2019,11578,3778850000
08/07/2019,10789,3778850000
09/07/2019,10826,3778850000
10/07/2019,10902,3778850000
11/07/2019,10902,3778850000
12/07/2019,10626,3778850000
15/07/2019,10714,3778850000
16/07/2019,10676,3778850000
17/07/2019,10613,3778850000
18/07/2019,10902,3778850000
19/07/2019,11290,3778850000
22/07/2019,10664,3778850000
23/07/2019,10225,3778850000
24/07/2019,9949,3778850000
25/07/2019,10463,3778850000
26/07/2019,10300,3778850000
29/07/2019,10024,3778850000
30/07/2019,10125,3778850000
31/07/2019,9824,3778850000
01/08/2019,9649,3778850000
02/08/2019,10024,3778850000
05/08/2019,9122,3778850000
06/08/2019,8847,3778850000
07/08/2019,9285,3778850000
08/08/2019,9573,3778850000
09/08/2019,9611,3778850000
12/08/2019,10037,3778850000
13/08/2019,9811,3778850000
14/08/2019,9949,3778850000
16/08/2019,9824,3778850000
19/08/2019,9498,3778850000
20/08/2019,9536,3778850000
21/08/2019,9636,3778850000
22/08/2019,10450,3778850000
23/08/2019,10363,3778850000
26/08/2019,9147,3778850000
27/08/2019,9197,3778850000
28/08/2019,10062,3778850000
29/08/2019,10150,3778850000
30/08/2019,10325,3778850000
02/09/2019,10501,3778850000
03/09/2019,10338,3778850000
04/09/2019,10463,3778850000
05/09/2019,11403,3778850000
06/09/2019,11190,3778850000
09/09/2019,10425,3778850000
10/09/2019,10313,3778850000
11/09/2019,9924,3778850000
16/09/2019,10024,3778850000
17/09/2019,10062,3778850000
18/09/2019,9924,3778850000
19/09/2019,10200,3778850000
20/09/2019,10250,3778850000
23/09/2019,9774,3778850000
24/09/2019,9699,3778850000
25/09/2019,9435,3778850000
26/09/2019,9448,3778850000
27/09/2019,9398,3778850000
30/09/2019,9235,3778850000
01/10/2019,9172,404520000
02/10/2019,9097,404520000
04/10/2019,8796,404520000
07/10/2019,8872,404520000
08/10/2019,8821,404520000
10/10/2019,8984,404520000
11/10/2019,8959,404520000
14/10/2019,8922,404520000
15/10/2019,8872,404520000
16/10/2019,8997,404520000
17/10/2019,8847,404520000
18/10/2019,8884,404520000
21/10/2019,8746,404520000
22/10/2019,8420,404520000
23/10/2019,8521,404520000
24/10/2019,8446,404520000
25/10/2019,9548,404520000
28/10/2019,9649,404520000
29/10/2019,9962,404520000
30/10/2019,9661,404520000
31/10/2019,9373,404520000
01/11/2019,9210,404520000
04/11/2019,9285,404520000
05/11/2019,9135,404520000
06/11/2019,9448,404520000
07/11/2019,9448,404520000
08/11/2019,9623,404520000
11/11/2019,9749,404520000
12/11/2019,10212,404520000
13/11/2019,10275,404520000
14/11/2019,10563,404520000
15/11/2019,10776,404520000
18/11/2019,11027,404520000
19/11/2019,11378,404520000
20/11/2019,11140,404520000
21/11/2019,11177,404520000
22/11/2019,11516,404520000
25/11/2019,11879,404520000
26/11/2019,12293,404520000
27/11/2019,12481,404520000
28/11/2019,12242,404520000
29/11/2019,12167,404520000
02/12/2019,11804,404520000
03/12/2019,11791,404520000
04/12/2019,11779,404520000
05/12/2019,11829,404520000
06/12/2019,12155,404520000
09/12/2019,12017,404520000
10/12/2019,11653,404520000
11/12/2019,11766,404520000
12/12/2019,12268,404520000
13/12/2019,11804,404520000
16/12/2019,12029,404520000
17/12/2019,12155,404520000
18/12/2019,12180,404520000
19/12/2019,11729,404520000
20/12/2019,12067,404520000
23/12/2019,11278,404520000
24/12/2019,11077,404520000
26/12/2019,11428,404520000
27/12/2019,11628,404520000
30/12/2019,11979,404520000
02/01/2020,11628,1225690000
03/01/2020,11278,1225690000
06/01/2020,11378,1225690000
07/01/2020,11077,1225690000
08/01/2020,10839,1225690000
09/01/2020,11115,1225690000
10/01/2020,11039,1225690000
13/01/2020,11090,1225690000
14/01/2020,11403,1225690000
15/01/2020,11365,1225690000
16/01/2020,11603,1225690000
17/01/2020,11779,1225690000
20/01/2020,11816,1225690000
21/01/2020,11453,1225690000
22/01/2020,11478,1225690000
23/01/2020,11065,1225690000
28/01/2020,10375,1225690000
29/01/2020,10513,1225690000
30/01/2020,10739,1225690000
31/01/2020,10263,1225690000
03/02/2020,10450,1225690000
04/02/2020,10651,1225690000
05/02/2020,10375,1225690000
06/02/2020,10375,1225690000
07/02/2020,10413,1225690000
10/02/2020,10576,1225690000
11/02/2020,10526,1225690000
12/02/2020,10563,1225690000
13/02/2020,10676,1225690000
14/02/2020,10877,1225690000
17/02/2020,12581,1225690000
18/02/2020,12029,1225690000
19/02/2020,11754,1225690000
20/02/2020,11829,1225690000
21/02/2020,11603,1225690000
24/02/2020,10877,1225690000
25/02/2020,11102,1225690000
26/02/2020,10726,1225690000
27/02/2020,10024,1225690000
28/02/2020,9298,1225690000
02/03/2020,9623,1225690000
03/03/2020,9623,1225690000
04/03/2020,9774,1225690000
05/03/2020,9373,1225690000
06/03/2020,9072,1225690000
09/03/2020,8145,1225690000
10/03/2020,8420,1225690000
11/03/2020,7794,1225690000
12/03/2020,7293,1225690000
13/03/2020,6466,1225690000
16/03/2020,6165,1225690000
17/03/2020,6115,1225690000
18/03/2020,5488,1225690000
19/03/2020,4110,1225690000
20/03/2020,4606,1225690000
23/03/2020,4195,1225690000
24/03/2020,4922,1225690000
25/03/2020,5187,1225690000
26/03/2020,5263,1225690000
27/03/2020,5363,1225690000
30/03/2020,5363,1225690000
31/03/2020,5588,1225690000
01/04/2020,5639,-4757510000
02/04/2020,7318,-4757510000
03/04/2020,7669,-4757510000
06/04/2020,7869,-4757510000
07/04/2020,7844,-4757510000
08/04/2020,7769,-4757510000
09/04/2020,7844,-4757510000
10/04/2020,7518,-4757510000
13/04/2020,6992,-4757510000
14/04/2020,7167,-4757510000
16/04/2020,7418,-4757510000
17/04/2020,7568,-4757510000
20/04/2020,7468,-4757510000
21/04/2020,7217,-4757510000
22/04/2020,7293,-4757510000
23/04/2020,7268,-4757510000
24/04/2020,7042,-4757510000
27/04/2020,7117,-4757510000
28/04/2020,7017,-4757510000
29/04/2020,7067,-4757510000
04/05/2020,7017,-4757510000
06/05/2020,7192,-4757510000
07/05/2020,7719,-4757510000
08/05/2020,7669,-4757510000
11/05/2020,7493,-4757510000
12/05/2020,7343,-4757510000
13/05/2020,7368,-4757510000
14/05/2020,7167,-4757510000
15/05/2020,7167,-4757510000
18/05/2020,7368,-4757510000
19/05/2020,8145,-4757510000
20/05/2020,8496,-4757510000
21/05/2020,8320,-4757510000
22/05/2020,8496,-4757510000
25/05/2020,8471,-4757510000
26/05/2020,8245,-4757510000
27/05/2020,8095,-4757510000
28/05/2020,7894,-4757510000
29/05/2020,7944,-4757510000
01/06/2020,8120,-4757510000
02/06/2020,8145,-4757510000
03/06/2020,8370,-4757510000
04/06/2020,8471,-4757510000
05/06/2020,8571,-4757510000
08/06/2020,8420,-4757510000
09/06/2020,8420,-4757510000
10/06/2020,8420,-4757510000
11/06/2020,8821,-4757510000
12/06/2020,8320,-4757510000
15/06/2020,7343,-4757510000
16/06/2020,7669,-4757510000
17/06/2020,7694,-4757510000
18/06/2020,7518,-4757510000
19/06/2020,7819,-4757510000
22/06/2020,7894,-4757510000
23/06/2020,7944,-4757510000
24/06/2020,7944,-4757510000
25/06/2020,7694,-4757510000
26/06/2020,7744,-4757510000
29/06/2020,7318,-4757510000
30/06/2020,7368,-4757510000
01/07/2020,7418,726990000
02/07/2020,7618,726990000
03/07/2020,7543,726990000
06/07/2020,7593,726990000
07/07/2020,7518,726990000
08/07/2020,7443,726990000
09/07/2020,7794,726990000
10/07/2020,7769,726990000
13/07/2020,8095,726990000
14/07/2020,8070,726990000
15/07/2020,8245,726990000
16/07/2020,8070,726990000
17/07/2020,8095,726990000
20/07/2020,7969,726990000
21/07/2020,8045,726990000
22/07/2020,8019,726990000
23/07/2020,8471,726990000
24/07/2020,8621,726990000
27/07/2020,9022,726990000
28/07/2020,9323,726990000
29/07/2020,9423,726990000
30/07/2020,9649,726990000
31/07/2020,9323,726990000
03/08/2020,8897,726990000
04/08/2020,8746,726990000
05/08/2020,9323,726990000
06/08/2020,9097,726990000
07/08/2020,9548,726990000
10/08/2020,10501,726990000
11/08/2020,10952,726990000
12/08/2020,10275,726990000
13/08/2020,9924,726990000
14/08/2020,9824,726990000
18/08/2020,8897,726990000
19/08/2020,8771,726990000
20/08/2020,8320,726990000
21/08/2020,8145,726990000
24/08/2020,8696,726990000
25/08/2020,9298,726990000
26/08/2020,9999,726990000
27/08/2020,9849,726990000
28/08/2020,10425,726990000
31/08/2020,10325,726990000
01/09/2020,10075,726990000
02/09/2020,10601,726990000
03/09/2020,10952,726990000
04/09/2020,11503,726990000
07/09/2020,11177,726990000
08/09/2020,11754,726990000
09/09/2020,11679,726990000
10/09/2020,11829,726990000
11/09/2020,11252,726990000
14/09/2020,11303,726990000
15/09/2020,11102,726990000
16/09/2020,10826,726990000
17/09/2020,10601,726990000
18/09/2020,10877,726990000
21/09/2020,11328,726990000
22/09/2020,11027,726990000
23/09/2020,11904,726990000
24/09/2020,11679,726990000
25/09/2020,11378,726990000
28/09/2020,11453,726990000
29/09/2020,11252,726990000
05/10/2020,11252,542610000
06/10/2020,11052,542610000
07/10/2020,11077,542610000
08/10/2020,11027,542610000
12/10/2020,10526,542610000
13/10/2020,10651,542610000
14/10/2020,10325,542610000
15/10/2020,9824,542610000
16/10/2020,9498,542610000
19/10/2020,9323,542610000
20/10/2020,9724,542610000
21/10/2020,9774,542610000
22/10/2020,9548,542610000
23/10/2020,9298,542610000
26/10/2020,8671,542610000
27/10/2020,8821,542610000
28/10/2020,9548,542610000
29/10/2020,9623,542610000
30/10/2020,9473,542610000
02/11/2020,9448,542610000
03/11/2020,9573,542610000
04/11/2020,9724,542610000
05/11/2020,9949,542610000
06/11/2020,9724,542610000
09/11/2020,9749,542610000
10/11/2020,9623,542610000
11/11/2020,9799,542610000
12/11/2020,9799,542610000
13/11/2020,9724,542610000
16/11/2020,9724,542610000
17/11/2020,9649,542610000
18/11/2020,9498,542610000
19/11/2020,10150,542610000
20/11/2020,10175,542610000
23/11/2020,10225,542610000
24/11/2020,10075,542610000
25/11/2020,10024,542610000
26/11/2020,9949,542610000
27/11/2020,10425,542610000
30/11/2020,10601,542610000
01/12/2020,10651,542610000
02/12/2020,10726,542610000
03/12/2020,10676,542610000
04/12/2020,10526,542610000
07/12/2020,10425,542610000
08/12/2020,10275,542610000
09/12/2020,10375,542610000
10/12/2020,10425,542610000
11/12/2020,10400,542610000
14/12/2020,10024,542610000
15/12/2020,9974,542610000
16/12/2020,10375,542610000
17/12/2020,10450,542610000
18/12/2020,10275,542610000
21/12/2020,10100,542610000
22/12/2020,10024,542610000
23/12/2020,10075,542610000
24/12/2020,10050,542610000
28/12/2020,10024,542610000
29/12/2020,10325,542610000
30/12/2020,10776,542610000
04/01/2021,10601,7817090000
05/01/2021,10576,7817090000
06/01/2021,10476,7817090000
07/01/2021,11478,7817090000
08/01/2021,11679,7817090000
11/01/2021,11704,7817090000
12/01/2021,11628,7817090000
13/01/2021,11453,7817090000
14/01/2021,11503,7817090000
15/01/2021,11403,7817090000
18/01/2021,10877,7817090000
19/01/2021,10902,7817090000
20/01/2021,11503,7817090000
21/01/2021,11303,7817090000
22/01/2021,11227,7817090000
25/01/2021,11553,7817090000
26/01/2021,11553,7817090000
27/01/2021,11328,7817090000
28/01/2021,10776,7817090000
29/01/2021,10526,7817090000
01/02/2021,10450,7817090000
02/02/2021,10576,7817090000
03/02/2021,10501,7817090000
04/02/2021,10150,7817090000
05/02/2021,10275,7817090000
08/02/2021,10024,7817090000
09/02/2021,9924,7817090000
10/02/2021,10075,7817090000
15/02/2021,10075,7817090000
16/02/2021,10676,7817090000
17/02/2021,10676,7817090000
18/02/2021,10526,7817090000
19/02/2021,10400,7817090000
22/02/2021,10125,7817090000
23/02/2021,10100,7817090000
24/02/2021,9598,7817090000
25/02/2021,9774,7817090000
26/02/2021,9849,7817090000
02/03/2021,9899,7817090000
03/03/2021,10075,7817090000
04/03/2021,10024,7817090000
05/03/2021,9824,7817090000
08/03/2021,9874,7817090000
09/03/2021,9749,7817090000
10/03/2021,9699,7817090000
11/03/2021,9724,7817090000
12/03/2021,10350,7817090000
15/03/2021,10526,7817090000
16/03/2021,10350,7817090000
17/03/2021,10150,7817090000
18/03/2021,10375,7817090000
19/03/2021,10300,7817090000
22/03/2021,10225,7817090000
23/03/2021,10175,7817090000
24/03/2021,10175,7817090000
25/03/2021,10175,7817090000
26/03/2021,9949,7817090000
29/03/2021,9874,7817090000
30/03/2021,10050,7817090000
31/03/2021,10600,7817090000
01/04/2021,10350,3807210000
02/04/2021,10100,3807210000
05/04/2021,10100,3807210000
06/04/2021,10300,3807210000
07/04/2021,10000,3807210000
08/04/2021,10050,3807210000
09/04/2021,10200,3807210000
12/04/2021,10200,3807210000
13/04/2021,10050,3807210000
14/04/2021,10100,3807210000
15/04/2021,10100,3807210000
16/04/2021,10000,3807210000
19/04/2021,10100,3807210000
20/04/2021,9860,3807210000
21/04/2021,9800,3807210000
22/04/2021,9760,3807210000
23/04/2021,9720,3807210000
26/04/2021,9740,3807210000
27/04/2021,9590,3807210000
28/04/2021,9250,3807210000
29/04/2021,9020,3807210000
30/04/2021,9130,3807210000
03/05/2021,9130,3807210000
04/05/2021,9030,3807210000
06/05/2021,8920,3807210000
07/05/2021,8750,3807210000
10/05/2021,8850,3807210000
11/05/2021,8600,3807210000
12/05/2021,8350,3807210000
13/05/2021,8180,3807210000
14/05/2021,8140,3807210000
17/05/2021,8720,3807210000
18/05/2021,8600,3807210000
20/05/2021,9040,3807210000
21/05/2021,8940,3807210000
24/05/2021,8850,3807210000
25/05/2021,9040,3807210000
26/05/2021,9260,3807210000
27/05/2021,9230,3807210000
28/05/2021,9190,3807210000
31/05/2021,9110,3807210000
01/06/2021,9150,3807210000
02/06/2021,8850,3807210000
03/06/2021,9010,3807210000
04/06/2021,9300,3807210000
07/06/2021,9340,3807210000
08/06/2021,9300,3807210000
09/06/2021,9090,3807210000
10/06/2021,9090,3807210000
11/06/2021,9170,3807210000
14/06/2021,9000,3807210000
15/06/2021,8900,3807210000
16/06/2021,8720,3807210000
17/06/2021,8790,3807210000
18/06/2021,8850,3807210000
21/06/2021,8840,3807210000
22/06/2021,8870,3807210000
23/06/2021,8720,3807210000
24/06/2021,8600,3807210000
25/06/2021,8610,3807210000
28/06/2021,8640,3807210000
29/06/2021,8850,3807210000
30/06/2021,8690,3807210000
01/07/2021,8570,5570100000
02/07/2021,8530,5570100000
05/07/2021,8960,5570100000
06/07/2021,8980,5570100000
07/07/2021,9070,5570100000
08/07/2021,8790,5570100000
09/07/2021,8660,5570100000
12/07/2021,8900,5570100000
13/07/2021,9100,5570100000
14/07/2021,9020,5570100000
15/07/2021,9370,5570100000
16/07/2021,9570,5570100000
19/07/2021,9290,5570100000
20/07/2021,10250,5570100000
21/07/2021,10400,5570100000
22/07/2021,10450,5570100000
23/07/2021,10250,5570100000
26/07/2021,10600,5570100000
27/07/2021,10400,5570100000
28/07/2021,10600,5570100000
29/07/2021,10500,5570100000
30/07/2021,10150,5570100000
02/08/2021,10050,5570100000
03/08/2021,10750,5570100000
04/08/2021,11050,5570100000
05/08/2021,11650,5570100000
06/08/2021,11400,5570100000
09/08/2021,11700,5570100000
10/08/2021,11050,5570100000
11/08/2021,10550,5570100000
12/08/2021,10450,5570100000
13/08/2021,10200,5570100000
17/08/2021,9590,5570100000
18/08/2021,9520,5570100000
19/08/2021,9040,5570100000
20/08/2021,8750,5570100000
23/08/2021,8880,5570100000
24/08/2021,9140,5570100000
25/08/2021,9410,5570100000
26/08/2021,9240,5570100000
27/08/2021,9410,5570100000
30/08/2021,9490,5570100000
31/08/2021,9390,5570100000
01/09/2021,9420,5570100000
02/09/2021,9600,5570100000
03/09/2021,9720,5570100000
06/09/2021,9610,5570100000
07/09/2021,9490,5570100000
08/09/2021,9190,5570100000
09/09/2021,9260,5570100000
10/09/2021,9250,5570100000
13/09/2021,9080,5570100000
14/09/2021,9100,5570100000
15/09/2021,9380,5570100000
16/09/2021,9240,5570100000
17/09/2021,9300,5570100000
23/09/2021,9050,5570100000
24/09/2021,9050,5570100000
27/09/2021,9050,5570100000
28/09/2021,8830,5570100000
29/09/2021,8520,5570100000
30/09/2021,8540,5570100000
01/10/2021,8270,5773090000
05/10/2021,8010,5773090000
06/10/2021,7770,5773090000
07/10/2021,8020,5773090000
08/10/2021,7930,5773090000
12/10/2021,7800,5773090000
13/10/2021,7780,5773090000
14/10/2021,8130,5773090000
15/10/2021,8430,5773090000
18/10/2021,8360,5773090000
19/10/2021,8380,5773090000
20/10/2021,8380,5773090000
21/10/2021,8310,5773090000
22/10/2021,8390,5773090000
25/10/2021,8480,5773090000
26/10/2021,8650,5773090000
27/10/2021,8550,5773090000
28/10/2021,8500,5773090000
29/10/2021,8370,5773090000
01/11/2021,8810,5773090000
02/11/2021,9060,5773090000
03/11/2021,9110,5773090000
04/11/2021,9180,5773090000
05/11/2021,8800,5773090000
08/11/2021,9170,5773090000
09/11/2021,9150,5773090000
10/11/2021,8930,5773090000
11/11/2021,8850,5773090000
12/11/2021,9490,5773090000
15/11/2021,9770,5773090000
16/11/2021,10000,5773090000
17/11/2021,10300,5773090000
18/11/2021,10400,5773090000
19/11/2021,10650,5773090000
22/11/2021,10850,5773090000
23/11/2021,10200,5773090000
24/11/2021,10450,5773090000
25/11/2021,10000,5773090000
26/11/2021,9580,5773090000
29/11/2021,9540,5773090000
30/11/2021,9210,5773090000
01/12/2021,9380,5773090000
02/12/2021,9280,5773090000
03/12/2021,10350,5773090000
06/12/2021,10300,5773090000
07/12/2021,10400,5773090000
08/12/2021,10700,5773090000
09/12/2021,10550,5773090000
10/12/2021,10550,5773090000
13/12/2021,11600,5773090000
14/12/2021,11300,5773090000
15/12/2021,11400,5773090000
16/12/2021,12600,5773090000
17/12/2021,12650,5773090000
20/12/2021,12450,5773090000
21/12/2021,12450,5773090000
22/12/2021,11850,5773090000
23/12/2021,12150,5773090000
24/12/2021,12050,5773090000
27/12/2021,11900,5773090000
28/12/2021,12250,5773090000
29/12/2021,13200,5773090000
30/12/2021,13300,5773090000
03/01/2022,13700,11908830000
04/01/2022,13900,11908830000
05/01/2022,13100,11908830000
06/01/2022,12800,11908830000
07/01/2022,13150,11908830000
10/01/2022,13100,11908830000
11/01/2022,12600,11908830000
12/01/2022,12700,11908830000
13/01/2022,12650,11908830000
14/01/2022,13400,11908830000
17/01/2022,12950,11908830000
18/01/2022,12950,11908830000
19/01/2022,12700,11908830000
20/01/2022,12700,11908830000
21/01/2022,12400,11908830000
24/01/2022,11700,11908830000
25/01/2022,11400,11908830000
26/01/2022,11400,11908830000
27/01/2022,11450,11908830000
28/01/2022,12200,11908830000
03/02/2022,11800,11908830000
04/02/2022,12100,11908830000
07/02/2022,12150,11908830000
08/02/2022,11700,11908830000
09/02/2022,12300,11908830000
10/02/2022,12250,11908830000
11/02/2022,11750,11908830000
14/02/2022,10900,11908830000
15/02/2022,10700,11908830000
16/02/2022,11100,11908830000
17/02/2022,10900,11908830000
18/02/2022,11000,11908830000
21/02/2022,11050,11908830000
22/02/2022,10750,11908830000
23/02/2022,11000,11908830000
24/02/2022,10600,11908830000
25/02/2022,11000,11908830000
28/02/2022,11200,11908830000
02/03/2022,11300,11908830000
03/03/2022,11550,11908830000
04/03/2022,11350,11908830000
07/03/2022,10400,11908830000
08/03/2022,10400,11908830000
10/03/2022,10600,11908830000
11/03/2022,10800,11908830000
14/03/2022,10400,11908830000
15/03/2022,10200,11908830000
16/03/2022,10600,11908830000
17/03/2022,11150,11908830000
18/03/2022,11750,11908830000
21/03/2022,11500,11908830000
22/03/2022,11550,11908830000
23/03/2022,11400,11908830000
24/03/2022,11500,11908830000
25/03/2022,11500,11908830000
28/03/2022,13450,11908830000
29/03/2022,13500,11908830000
30/03/2022,12950,11908830000
31/03/2022,13150,11908830000
01/04/2022,12850,7632390000
04/04/2022,13200,7632390000
05/04/2022,13050,7632390000
06/04/2022,12750,7632390000
07/04/2022,12700,7632390000
08/04/2022,12400,7632390000
11/04/2022,12850,7632390000
12/04/2022,12650,7632390000
13/04/2022,12850,7632390000
14/04/2022,12850,7632390000
15/04/2022,12950,7632390000
18/04/2022,12850,7632390000
19/04/2022,12800,7632390000
20/04/2022,12300,7632390000
21/04/2022,12400,7632390000
22/04/2022,12250,7632390000
25/04/2022,11650,7632390000
26/04/2022,12000,7632390000
27/04/2022,12000,7632390000
28/04/2022,11800,7632390000
29/04/2022,11800,7632390000
02/05/2022,12050,7632390000
03/05/2022,12050,7632390000
04/05/2022,11750,7632390000
06/05/2022,11450,7632390000
09/05/2022,11200,7632390000
10/05/2022,11200,7632390000
11/05/2022,11000,7632390000
12/05/2022,10650,7632390000
13/05/2022,11400,7632390000
16/05/2022,11500,7632390000
17/05/2022,11750,7632390000
18/05/2022,11750,7632390000
19/05/2022,11450,7632390000
20/05/2022,11900,7632390000
23/05/2022,12150,7632390000
24/05/2022,11800,7632390000
25/05/2022,11900,7632390000
26/05/2022,11750,7632390000
27/05/2022,11750,7632390000
30/05/2022,12100,7632390000
31/05/2022,12250,7632390000
02/06/2022,12200,7632390000
03/06/2022,12350,7632390000
07/06/2022,12100,7632390000
08/06/2022,12000,7632390000
09/06/2022,12150,7632390000
10/06/2022,12450,7632390000
13/06/2022,11550,7632390000
14/06/2022,11500,7632390000
15/06/2022,11350,7632390000
16/06/2022,10950,7632390000
17/06/2022,10850,7632390000
20/06/2022,10050,7632390000
21/06/2022,10350,7632390000
22/06/2022,9980,7632390000
23/06/2022,9210,7632390000
24/06/2022,9590,7632390000
27/06/2022,9970,7632390000
28/06/2022,9970,7632390000
29/06/2022,10050,7632390000
30/06/2022,9400,7632390000
01/07/2022,9180,8806820000
04/07/2022,8900,8806820000
05/07/2022,9130,8806820000
06/07/2022,9110,8806820000
07/07/2022,9430,8806820000
08/07/2022,9430,8806820000
11/07/2022,9450,8806820000
12/07/2022,9180,8806820000
13/07/2022,9210,8806820000
14/07/2022,9230,8806820000
15/07/2022,9100,8806820000
18/07/2022,9400,8806820000
19/07/2022,9430,8806820000
20/07/2022,9500,8806820000
21/07/2022,9720,8806820000
22/07/2022,9650,8806820000
25/07/2022,9600,8806820000
26/07/2022,9600,8806820000
27/07/2022,9590,8806820000
28/07/2022,9800,8806820000
29/07/2022,9910,8806820000
01/08/2022,10000,8806820000
02/08/2022,10300,8806820000
03/08/2022,10300,8806820000
04/08/2022,10200,8806820000
05/08/2022,10200,8806820000
08/08/2022,10600,8806820000
09/08/2022,10400,8806820000
10/08/2022,10000,8806820000
11/08/2022,10100,8806820000
12/08/2022,10200,8806820000
16/08/2022,10550,8806820000
17/08/2022,10350,8806820000
18/08/2022,10350,8806820000
19/08/2022,10100,8806820000
22/08/2022,9630,8806820000
23/08/2022,9750,8806820000
24/08/2022,10000,8806820000
25/08/2022,10350,8806820000
26/08/2022,10550,8806820000
29/08/2022,10200,8806820000
30/08/2022,10950,8806820000
31/08/2022,11200,8806820000
01/09/2022,10800,8806820000
02/09/2022,11000,8806820000
05/09/2022,11000,8806820000
06/09/2022,12050,8806820000
07/09/2022,11750,8806820000
08/09/2022,11850,8806820000
13/09/2022,12850,8806820000
14/09/2022,12300,8806820000
15/09/2022,13000,8806820000
16/09/2022,13100,8806820000
19/09/2022,12450,8806820000
20/09/2022,12750,8806820000
21/09/2022,13000,8806820000
22/09/2022,12450,8806820000
23/09/2022,12050,8806820000
26/09/2022,11750,8806820000
27/09/2022,11600,8806820000
28/09/2022,10650,8806820000
29/09/2022,10200,8806820000
30/09/2022,10150,8806820000
04/10/2022,10900,4028660000
05/10/2022,10850,4028660000
06/10/2022,11650,4028660000
07/10/2022,11450,4028660000
11/10/2022,11300,4028660000
12/10/2022,11550,4028660000
13/10/2022,10850,4028660000
14/10/2022,11650,4028660000
17/10/2022,12000,4028660000
18/10/2022,12450,4028660000
19/10/2022,11900,4028660000
20/10/2022,12050,4028660000
21/10/2022,11650,4028660000
24/10/2022,11800,4028660000
25/10/2022,12200,4028660000
26/10/2022,11650,4028660000
27/10/2022,11800,4028660000
28/10/2022,11350,4028660000
31/10/2022,11400,4028660000
01/11/2022,11900,4028660000
02/11/2022,11600,4028660000
03/11/2022,11850,4028660000
04/11/2022,12000,4028660000
07/11/2022,11700,4028660000
08/11/2022,12150,4028660000
09/11/2022,11950,4028660000
10/11/2022,11750,4028660000
11/11/2022,12100,4028660000
14/11/2022,12450,4028660000
15/11/2022,12700,4028660000
16/11/2022,12800,4028660000
17/11/2022,13000,4028660000
18/11/2022,12650,4028660000
21/11/2022,13450,4028660000
22/11/2022,13650,4028660000
23/11/2022,13600,4028660000
24/11/2022,14350,4028660000
25/11/2022,16300,4028660000
28/11/2022,16100,4028660000
29/11/2022,16500,4028660000
30/11/2022,15900,4028660000
01/12/2022,17100,4028660000
02/12/2022,17550,4028660000
05/12/2022,16350,4028660000
06/12/2022,15750,4028660000
07/12/2022,15450,4028660000
08/12/2022,15300,4028660000
09/12/2022,14900,4028660000
12/12/2022,15000,4028660000
13/12/2022,14900,4028660000
14/12/2022,15750,4028660000
15/12/2022,16400,4028660000
16/12/2022,16150,4028660000
19/12/2022,16500,4028660000
20/12/2022,14950,4028660000
21/12/2022,14950,4028660000
22/12/2022,15050,4028660000
23/12/2022,15200,4028660000
26/12/2022,18150,4028660000
27/12/2022,17900,4028660000
28/12/2022,17500,4028660000
29/12/2022,17200,4028660000
02/01/2023,15000,9250320000
03/01/2023,15700,9250320000
04/01/2023,16050,9250320000
05/01/2023,14900,9250320000
06/01/2023,14950,9250320000
09/01/2023,15050,9250320000
10/01/2023,14800,9250320000
11/01/2023,15350,9250320000
12/01/2023,15450,9250320000
13/01/2023,15200,9250320000
16/01/2023,15600,9250320000
17/01/2023,16400,9250320000
18/01/2023,15950,9250320000
19/01/2023,15400,9250320000
20/01/2023,15650,9250320000
25/01/2023,16400,9250320000
26/01/2023,15640,9250320000
27/01/2023,15610,9250320000
30/01/2023,15250,9250320000
31/01/2023,15330,9250320000
01/02/2023,15600,9250320000
02/02/2023,17180,9250320000
03/02/2023,18630,9250320000
06/02/2023,18000,9250320000
07/02/2023,17840,9250320000
08/02/2023,18210,9250320000
09/02/2023,17820,9250320000
10/02/2023,17140,9250320000
13/02/2023,17490,9250320000
14/02/2023,17260,9250320000
15/02/2023,16710,9250320000
16/02/2023,18090,9250320000
17/02/2023,16990,9250320000
20/02/2023,17440,9250320000
21/02/2023,17240,9250320000
22/02/2023,16980,9250320000
23/02/2023,17730,9250320000
24/02/2023,18370,9250320000
27/02/2023,18080,9250320000
28/02/2023,18190,9250320000
02/03/2023,17770,9250320000
03/03/2023,18830,9250320000
06/03/2023,19250,9250320000
07/03/2023,17950,9250320000
08/03/2023,17800,9250320000
09/03/2023,17160,9250320000
10/03/2023,16620,9250320000
13/03/2023,16440,9250320000
14/03/2023,15470,9250320000
15/03/2023,15900,9250320000
16/03/2023,16270,9250320000
17/03/2023,16830,9250320000
20/03/2023,17070,9250320000
21/03/2023,16790,9250320000
22/03/2023,17060,9250320000
23/03/2023,17010,9250320000
24/03/2023,17850,9250320000
27/03/2023,17410,9250320000
28/03/2023,18860,9250320000
29/03/2023,18640,9250320000
30/03/2023,18270,9250320000
31/03/2023,17200,9250320000
03/04/2023,17320,3128610000
04/04/2023,17210,3128610000
05/04/2023,17450,3128610000
06/04/2023,17150,3128610000
07/04/2023,17370,3128610000
10/04/2023,16740,3128610000
11/04/2023,17080,3128610000
12/04/2023,16850,3128610000
13/04/2023,17050,3128610000
14/04/2023,16780,3128610000
17/04/2023,16500,3128610000
18/04/2023,16050,3128610000
19/04/2023,15720,3128610000
20/04/2023,14990,3128610000
21/04/2023,15020,3128610000
24/04/2023,15050,3128610000
25/04/2023,14520,3128610000
26/04/2023,14250,3128610000
27/04/2023,14900,3128610000
28/04/2023,14750,3128610000
02/05/2023,15180,3128610000
03/05/2023,15660,3128610000
04/05/2023,15750,3128610000
08/05/2023,15810,3128610000
09/05/2023,15310,3128610000
10/05/2023,15040,3128610000
11/05/2023,15020,3128610000
12/05/2023,15180,3128610000
15/05/2023,15070,3128610000
16/05/2023,15600,3128610000
17/05/2023,15700,3128610000
18/05/2023,16430,3128610000
19/05/2023,16370,3128610000
22/05/2023,16240,3128610000
23/05/2023,16190,3128610000
24/05/2023,16210,3128610000
25/05/2023,16190,3128610000
26/05/2023,15920,3128610000
30/05/2023,16790,3128610000
31/05/2023,16800,3128610000
01/06/2023,16600,3128610000
02/06/2023,16340,3128610000
05/06/2023,16510,3128610000
07/06/2023,16160,3128610000
08/06/2023,16290,3128610000
09/06/2023,16280,3128610000
12/06/2023,15930,3128610000
13/06/2023,16000,3128610000
14/06/2023,16040,3128610000
15/06/2023,15570,3128610000
16/06/2023,15720,3128610000
19/06/2023,15900,3128610000
20/06/2023,15690,3128610000
21/06/2023,15420,3128610000
22/06/2023,14990,3128610000
23/06/2023,14820,3128610000
26/06/2023,15260,3128610000
27/06/2023,15250,3128610000
28/06/2023,15220,3128610000
29/06/2023,14820,3128610000
30/06/2023,14900,3128610000
03/07/2023,15230,4043290000
04/07/2023,15460,4043290000
05/07/2023,15300,4043290000
06/07/2023,14830,4043290000
07/07/2023,14410,4043290000
10/07/2023,14450,4043290000
11/07/2023,14600,4043290000
12/07/2023,14610,4043290000
13/07/2023,15050,4043290000
14/07/2023,14970,4043290000
17/07/2023,15210,4043290000
18/07/2023,15000,4043290000
19/07/2023,14710,4043290000
20/07/2023,14890,4043290000
21/07/2023,14560,4043290000
24/07/2023,14050,4043290000
25/07/2023,13390,4043290000
26/07/2023,14680,4043290000
27/07/2023,14850,4043290000
28/07/2023,14980,4043290000
31/07/2023,15000,4043290000
01/08/2023,15100,4043290000
02/08/2023,14900,4043290000
03/08/2023,14440,4043290000
04/08/2023,14240,4043290000
07/08/2023,13950,4043290000
08/08/2023,14080,4043290000
09/08/2023,14100,4043290000
10/08/2023,13960,4043290000
11/08/2023,14120,4043290000
14/08/2023,13950,4043290000
16/08/2023,13040,4043290000
17/08/2023,12890,4043290000
18/08/2023,12790,4043290000
21/08/2023,12810,4043290000
22/08/2023,12670,4043290000
23/08/2023,12840,4043290000
24/08/2023,13140,4043290000
25/08/2023,12810,4043290000
28/08/2023,13030,4043290000
29/08/2023,13170,4043290000
30/08/2023,13620,4043290000
31/08/2023,13600,4043290000
01/09/2023,13710,4043290000
04/09/2023,13900,4043290000
05/09/2023,14010,4043290000
06/09/2023,13690,4043290000
07/09/2023,13650,4043290000
08/09/2023,13670,4043290000
11/09/2023,13460,4043290000
12/09/2023,13280,4043290000
13/09/2023,13090,4043290000
14/09/2023,13510,4043290000
15/09/2023,13550,4043290000
18/09/2023,13180,4043290000
19/09/2023,13150,4043290000
20/09/2023,12980,4043290000
21/09/2023,12500,4043290000
22/09/2023,12180,4043290000
25/09/2023,11950,4043290000
26/09/2023,11600,4043290000
27/09/2023,12080,4043290000
04/10/2023,11630,6302720000
05/10/2023,11220,6302720000
06/10/2023,11700,6302720000
10/10/2023,11500,6302720000
11/10/2023,11940,6302720000
12/10/2023,12220,6302720000
13/10/2023,12160,6302720000
16/10/2023,11900,6302720000
17/10/2023,12180,6302720000
18/10/2023,12030,6302720000
19/10/2023,11480,6302720000
20/10/2023,11210,6302720000
23/10/2023,11000,6302720000
24/10/2023,11360,6302720000
25/10/2023,11120,6302720000
26/10/2023,10520,6302720000
27/10/2023,10570,6302720000
30/10/2023,11110,6302720000
31/10/2023,10680,6302720000
01/11/2023,11190,6302720000
02/11/2023,11720,6302720000
03/11/2023,12170,6302720000
06/11/2023,12570,6302720000
07/11/2023,12600,6302720000
08/11/2023,12970,6302720000
09/11/2023,13120,6302720000
10/11/2023,13100,6302720000
13/11/2023,13000,6302720000
14/11/2023,13340,6302720000
15/11/2023,13390,6302720000
16/11/2023,13320,6302720000
17/11/2023,13200,6302720000
20/11/2023,13410,6302720000
21/11/2023,13520,6302720000
22/11/2023,13420,6302720000
23/11/2023,13070,6302720000
24/11/2023,13090,6302720000
27/11/2023,13220,6302720000
28/11/2023,13080,6302720000
29/11/2023,13070,6302720000
30/11/2023,12990,6302720000
01/12/2023,12850,6302720000
04/12/2023,13020,6302720000
05/12/2023,12600,6302720000
06/12/2023,12890,6302720000
07/12/2023,12720,6302720000
08/12/2023,12840,6302720000
11/12/2023,12970,6302720000
12/12/2023,13220,6302720000
13/12/2023,13900,6302720000
14/12/2023,13620,6302720000
15/12/2023,13800,6302720000
18/12/2023,13600,6302720000
19/12/2023,13360,6302720000
20/12/2023,13480,6302720000
21/12/2023,13400,6302720000
22/12/2023,13810,6302720000
26/12/2023,13730,6302720000
27/12/2023,14300,6302720000
28/12/2023,14100,6302720000
02/01/2024,14600,7545480000
03/01/2024,14920,7545480000
04/01/2024,15000,7545480000
05/01/2024,14650,7545480000
08/01/2024,14830,7545480000
09/01/2024,14890,7545480000
10/01/2024,14960,7545480000
11/01/2024,14980,7545480000
12/01/2024,14620,7545480000
15/01/2024,14700,7545480000
16/01/2024,14790,7545480000
17/01/2024,14310,7545480000
18/01/2024,14850,7545480000
19/01/2024,15070,7545480000
22/01/2024,16020,7545480000
23/01/2024,15930,7545480000
24/01/2024,16150,7545480000
25/01/2024,16390,7545480000
26/01/2024,20850,7545480000
29/01/2024,20900,7545480000
30/01/2024,19950,7545480000
31/01/2024,19170,7545480000
01/02/2024,18470,7545480000
02/02/2024,18020,7545480000
05/02/2024,17300,7545480000
06/02/2024,16600,7545480000
07/02/2024,16920,7545480000
08/02/2024,17300,7545480000
13/02/2024,17870,7545480000
14/02/2024,17810,7545480000
15/02/2024,18220,7545480000
16/02/2024,17230,7545480000
19/02/2024,17190,7545480000
20/02/2024,16980,7545480000
21/02/2024,16490,7545480000
22/02/2024,17060,7545480000
23/02/2024,16710,7545480000
26/02/2024,16450,7545480000
27/02/2024,16150,7545480000
28/02/2024,16060,7545480000
29/02/2024,15670,7545480000
04/03/2024,16480,7545480000
05/03/2024,15980,7545480000
06/03/2024,15900,7545480000
07/03/2024,15400,7545480000
08/03/2024,15170,7545480000
11/03/2024,15130,7545480000
12/03/2024,14940,7545480000
13/03/2024,15300,7545480000
14/03/2024,14990,7545480000
15/03/2024,14900,7545480000
18/03/2024,15020,7545480000
19/03/2024,14800,7545480000
20/03/2024,15000,7545480000
21/03/2024,15000,7545480000
22/03/2024,14720,7545480000
25/03/2024,14610,7545480000
26/03/2024,14810,7545480000
27/03/2024,14630,7545480000
28/03/2024,14820,7545480000
29/03/2024,15410,7545480000
01/04/2024,15610,3616420000
02/04/2024,15000,3616420000
03/04/2024,14570,3616420000
04/04/2024,15190,3616420000
05/04/2024,14510,3616420000
08/04/2024,14070,3616420000
09/04/2024,14180,3616420000
11/04/2024,14230,3616420000
12/04/2024,14400,3616420000
15/04/2024,14340,3616420000
16/04/2024,14110,3616420000
17/04/2024,14380,3616420000
18/04/2024,14520,3616420000
19/04/2024,13770,3616420000
22/04/2024,13540,3616420000
23/04/2024,13610,3616420000
24/04/2024,14100,3616420000
25/04/2024,13820,3616420000
26/04/2024,13880,3616420000
29/04/2024,14290,3616420000
30/04/2024,14500,3616420000
02/05/2024,14610,3616420000
03/05/2024,14570,3616420000
07/05/2024,14750,3616420000
08/05/2024,14780,3616420000
09/05/2024,14600,3616420000
10/05/2024,14380,3616420000
13/05/2024,14250,3616420000
14/05/2024,14550,3616420000
16/05/2024,14530,3616420000
17/05/2024,14250,3616420000
20/05/2024,14000,3616420000
21/05/2024,14130,3616420000
22/05/2024,14060,3616420000
23/05/2024,14100,3616420000
24/05/2024,13630,3616420000
27/05/2024,13700,3616420000
28/05/2024,13810,3616420000
29/05/2024,13750,3616420000
30/05/2024,13360,3616420000
31/05/2024,13420,3616420000
03/06/2024,13660,3616420000
04/06/2024,13400,3616420000
05/06/2024,13550,3616420000
07/06/2024,13600,3616420000
10/06/2024,13560,3616420000
11/06/2024,13290,3616420000
12/06/2024,13440,3616420000
13/06/2024,13510,3616420000
14/06/2024,13510,3616420000
17/06/2024,13380,3616420000
18/06/2024,13330,3616420000
19/06/2024,13220,3616420000
20/06/2024,13270,3616420000
21/06/2024,12940,3616420000
24/06/2024,13280,3616420000
25/06/2024,13550,3616420000
26/06/2024,13750,3616420000
27/06/2024,13650,3616420000
28/06/2024,13560,3616420000
01/07/2024,13590,5562000000
02/07/2024,13250,5562000000
03/07/2024,13090,5562000000
04/07/2024,13290,5562000000
05/07/2024,13280,5562000000
08/07/2024,13440,5562000000
09/07/2024,13450,5562000000
10/07/2024,13720,5562000000
11/07/2024,13950,5562000000
12/07/2024,13950,5562000000
15/07/2024,14100,5562000000
16/07/2024,13760,5562000000
17/07/2024,14140,5562000000
18/07/2024,13610,5562000000
19/07/2024,13400,5562000000
22/07/2024,13080,5562000000
23/07/2024,13040,5562000000
24/07/2024,12850,5562000000
25/07/2024,12270,5562000000
26/07/2024,12260,5562000000
29/07/2024,12360,5562000000
30/07/2024,12170,5562000000
31/07/2024,12700,5562000000
01/08/2024,12790,5562000000
02/08/2024,12220,5562000000
05/08/2024,10000,5562000000
06/08/2024,10830,5562000000
07/08/2024,11200,5562000000
08/08/2024,11240,5562000000
09/08/2024,11820,5562000000
12/08/2024,12100,5562000000
13/08/2024,12050,5562000000
14/08/2024,12350,5562000000
16/08/2024,12230,5562000000
19/08/2024,12010,5562000000
20/08/2024,12560,5562000000
21/08/2024,12570,5562000000
22/08/2024,12590,5562000000
23/08/2024,12580,5562000000
26/08/2024,12730,5562000000
27/08/2024,13580,5562000000
28/08/2024,12870,5562000000
29/08/2024,13020,5562000000
30/08/2024,13020,5562000000
02/09/2024,13300,5562000000
03/09/2024,13100,5562000000
04/09/2024,12770,5562000000
05/09/2024,12670,5562000000
06/09/2024,12390,5562000000
09/09/2024,12880,5562000000
10/09/2024,12890,5562000000
11/09/2024,12880,5562000000
12/09/2024,13140,5562000000
13/09/2024,13100,5562000000
19/09/2024,12900,5562000000
20/09/2024,12900,5562000000
23/09/2024,13070,5562000000
24/09/2024,13070,5562000000
25/09/2024,12870,5562000000
26/09/2024,13300,5562000000
27/09/2024,13430,5562000000
30/09/2024,13380,5562000000
02/10/2024,13090,4225110000
04/10/2024,12940,4225110000
07/10/2024,13090,4225110000
08/10/2024,12800,4225110000
10/10/2024,12560,4225110000
11/10/2024,12760,4225110000
14/10/2024,12700,4225110000
15/10/2024,12780,4225110000
16/10/2024,12720,4225110000
17/10/2024,12670,4225110000
18/10/2024,12450,4225110000
21/10/2024,12420,4225110000
22/10/2024,12050,4225110000
23/10/2024,12020,4225110000
24/10/2024,11890,4225110000
25/10/2024,11680,4225110000
28/10/2024,11910,4225110000
29/10/2024,12150,4225110000
30/10/2024,12270,4225110000
31/10/2024,12260,4225110000
01/11/2024,11860,4225110000
04/11/2024,12170,4225110000
05/11/2024,12240,4225110000
06/11/2024,12140,4225110000
07/11/2024,12090,4225110000
08/11/2024,12370,4225110000
11/11/2024,11890,4225110000
12/11/2024,11370,4225110000
13/11/2024,11290,4225110000
14/11/2024,11600,4225110000
15/11/2024,12000,4225110000
18/11/2024,12470,4225110000
19/11/2024,12600,4225110000
20/11/2024,12690,4225110000
21/11/2024,12610,4225110000
22/11/2024,12600,4225110000
25/11/2024,12800,4225110000
26/11/2024,13210,4225110000
27/11/2024,13110,4225110000
28/11/2024,13100,4225110000
29/11/2024,12700,4225110000
02/12/2024,12560,4225110000
03/12/2024,12600,4225110000
04/12/2024,12090,4225110000
05/12/2024,12190,4225110000
06/12/2024,11900,4225110000
09/12/2024,10900,4225110000
10/12/2024,11950,4225110000
11/12/2024,12290,4225110000
12/12/2024,12250,4225110000
13/12/2024,12500,4225110000
16/12/2024,13200,4225110000
17/12/2024,13640,4225110000
18/12/2024,13400,4225110000
19/12/2024,13330,4225110000
20/12/2024,13100,4225110000
23/12/2024,13490,4225110000
24/12/2024,13400,4225110000
26/12/2024,13390,4225110000
27/12/2024,13300,4225110000
30/12/2024,13220,4225110000
02/01/2025,14700,9415990000
03/01/2025,14340,9415990000
06/01/2025,14790,9415990000
07/01/2025,14800,9415990000
08/01/2025,14770,9415990000
09/01/2025,14830,9415990000
10/01/2025,14850,9415990000
13/01/2025,14850,9415990000
14/01/2025,14750,9415990000
15/01/2025,14650,9415990000
16/01/2025,14560,9415990000
17/01/2025,14500,9415990000
20/01/2025,14530,9415990000
21/01/2025,14370,9415990000
22/01/2025,14510,9415990000
23/01/2025,13130,9415990000
24/01/2025,13100,9415990000
31/01/2025,12840,9415990000
03/02/2025,12410,9415990000
04/02/2025,12580,9415990000
05/02/2025,12810,9415990000
06/02/2025,12980,9415990000
07/02/2025,13000,9415990000
10/02/2025,13370,9415990000
11/02/2025,13040,9415990000
12/02/2025,12840,9415990000
13/02/2025,12720,9415990000
14/02/2025,12720,9415990000
17/02/2025,12760,9415990000
18/02/2025,13170,9415990000
19/02/2025,13060,9415990000
20/02/2025,13060,9415990000
21/02/2025,13060,9415990000
24/02/2025,13200,9415990000
25/02/2025,12970,9415990000
26/02/2025,13070,9415990000
27/02/2025,13390,9415990000
28/02/2025,12960,9415990000
04/03/2025,12910,9415990000
05/03/2025,12870,9415990000
06/03/2025,12740,9415990000
07/03/2025,12340,9415990000
10/03/2025,12150,9415990000
11/03/2025,12250,9415990000
12/03/2025,12430,9415990000
13/03/2025,12400,9415990000
14/03/2025,12410,9415990000
17/03/2025,12400,9415990000
18/03/2025,12350,9415990000
19/03/2025,12370,9415990000
20/03/2025,12750,9415990000
21/03/2025,12690,9415990000
24/03/2025,12620,9415990000
25/03/2025,12410,9415990000
26/03/2025,12460,9415990000
27/03/2025,12210,9415990000
28/03/2025,12170,9415990000
31/03/2025,11600,9415990000
01/04/2025,11850,7684390000
02/04/2025,11830,7684390000
03/04/2025,11850,7684390000
04/04/2025,11720,7684390000
07/04/2025,11120,7684390000
08/04/2025,11120,7684390000
09/04/2025,10900,7684390000
10/04/2025,11740,7684390000
11/04/2025,12030,7684390000
14/04/2025,12260,7684390000
15/04/2025,12410,7684390000
16/04/2025,12300,7684390000
17/04/2025,12400,7684390000
18/04/2025,12750,7684390000
21/04/2025,12950,7684390000
22/04/2025,12890,7684390000
23/04/2025,13040,7684390000
24/04/2025,13050,7684390000
25/04/2025,13080,7684390000
28/04/2025,12930,7684390000
29/04/2025,12930,7684390000
30/04/2025,12860,7684390000
02/05/2025,13000,7684390000
07/05/2025,12990,7684390000
08/05/2025,13040,7684390000
09/05/2025,13050,7684390000
12/05/2025,13470,7684390000
13/05/2025,13640,7684390000
14/05/2025,13660,7684390000
15/05/2025,13690,7684390000
16/05/2025,13470,7684390000
19/05/2025,13180,7684390000
20/05/2025,13240,7684390000
21/05/2025,13300,7684390000
22/05/2025,13090,7684390000
23/05/2025,13120,7684390000
26/05/2025,12880,7684390000
27/05/2025,12600,7684390000
28/05/2025,12680,7684390000
29/05/2025,12840,7684390000
30/05/2025,12750,7684390000
02/06/2025,12770,7684390000
04/06/2025,12920,7684390000
05/06/2025,13250,7684390000
09/06/2025,13520,7684390000
10/06/2025,13460,7684390000
11/06/2025,13640,7684390000
12/06/2025,13660,7684390000
13/06/2025,13330,7684390000
16/06/2025,13460,7684390000
17/06/2025,13350,7684390000
18/06/2025,13760,7684390000
19/06/2025,13690,7684390000
20/06/2025,13650,7684390000
23/06/2025,13700,7684390000
24/06/2025,13880,7684390000
25/06/2025,13860,7684390000
26/06/2025,13760,7684390000
27/06/2025,13710,7684390000
30/06/2025,13680,7684390000
01/07/2025,13800,7455530000
02/07/2025,13800,7455530000
03/07/2025,13800,7455530000
04/07/2025,13600,7455530000
07/07/2025,13640,7455530000
08/07/2025,13840,7455530000
09/07/2025,13960,7455530000
10/07/2025,13990,7455530000
11/07/2025,13990,7455530000
14/07/2025,14130,7455530000
15/07/2025,14290,7455530000
16/07/2025,14310,7455530000
17/07/2025,14190,7455530000
18/07/2025,14170,7455530000
21/07/2025,14260,7455530000
22/07/2025,14050,7455530000
23/07/2025,14280,7455530000
24/07/2025,14100,7455530000
25/07/2025,14010,7455530000
28/07/2025,14040,7455530000
29/07/2025,14150,7455530000
30/07/2025,14700,7455530000
31/07/2025,14820,7455530000
01/08/2025,14690,7455530000
04/08/2025,15030,7455530000
05/08/2025,15220,7455530000
06/08/2025,15440,7455530000
07/08/2025,15800,7455530000
08/08/2025,15940,7455530000
11/08/2025,15980,7455530000
12/08/2025,16070,7455530000
13/08/2025,16290,7455530000
14/08/2025,16740,7455530000
18/08/2025,16500,7455530000
19/08/2025,15590,7455530000
20/08/2025,15870,7455530000
21/08/2025,16210,7455530000
22/08/2025,16210,7455530000
25/08/2025,16850,7455530000
26/08/2025,16910,7455530000
27/08/2025,17300,7455530000
28/08/2025,17270,7455530000
29/08/2025,17440,7455530000
01/09/2025,16650,7455530000
02/09/2025,16660,7455530000
03/09/2025,17200,7455530000
04/09/2025,17290,7455530000
05/09/2025,17390,7455530000
08/09/2025,17600,7455530000
09/09/2025,17380,7455530000
10/09/2025,17540,7455530000
11/09/2025,17290,7455530000
12/09/2025,17320,7455530000
15/09/2025,17200,7455530000
16/09/2025,17190,7455530000
17/09/2025,16900,7455530000
18/09/2025,17500,7455530000
19/09/2025,17940,7455530000
22/09/2025,17790,7455530000
23/09/2025,18010,7455530000
24/09/2025,18110,7455530000
25/09/2025,17600,7455530000
26/09/2025,16950,7455530000
29/09/2025,16930,7455530000
30/09/2025,16820,7455530000
01/10/2025,16960,3629700000
02/10/2025,17040,3629700000
10/10/2025,17250,3629700000
13/10/2025,17060,3629700000
14/10/2025,16740,3629700000
15/10/2025,17250,3629700000
16/10/2025,17700,3629700000
17/10/2025,17030,3629700000
20/10/2025,16850,3629700000
21/10/2025,16610,3629700000
22/10/2025,16830,3629700000
23/10/2025,16620,3629700000
24/10/2025,16920,3629700000
27/10/2025,17130,3629700000
28/10/2025,16990,3629700000
29/10/2025,17000,3629700000
30/10/2025,16760,3629700000
31/10/2025,16880,3629700000
03/11/2025,17180,3629700000
04/11/2025,17150,3629700000
05/11/2025,17110,3629700000
06/11/2025,17440,3629700000
07/11/2025,16990,3629700000
10/11/2025,16960,3629700000
11/11/2025,17010,3629700000
12/11/2025,17070,3629700000
13/11/2025,16880,3629700000
14/11/2025,16350,3629700000
17/11/2025,16330,3629700000
18/11/2025,15800,3629700000
19/11/2025,15680,3629700000
20/11/2025,15880,3629700000
21/11/2025,15180,3629700000
24/11/2025,15270,3629700000
25/11/2025,15340,3629700000
26/11/2025,15520,3629700000
27/11/2025,15780,3629700000
28/11/2025,16070,3629700000
01/12/2025,16150,3629700000
02/12/2025,16090,3629700000
03/12/2025,16000,3629700000
04/12/2025,16050,3629700000
05/12/2025,15940,3629700000
08/12/2025,16000,3629700000
09/12/2025,15900,3629700000
10/12/2025,15810,3629700000
11/12/2025,15830,3629700000
12/12/2025,16590,3629700000
15/12/2025,17140,3629700000
16/12/2025,17670,3629700000
17/12/2025,17870,3629700000
18/12/2025,17870,3629700000
19/12/2025,18550,3629700000
22/12/2025,18750,3629700000
23/12/2025,18700,3629700000
24/12/2025,18500,3629700000
26/12/2025,18150,3629700000
29/12/2025,17340,3629700000
30/12/2025,17450,3629700000
02/01/2026,17140,
05/01/2026,22250,
06/01/2026,24350,
07/01/2026,24450,
08/01/2026,24500,
09/01/2026,25450,
12/01/2026,26350,
13/01/2026,25450,
14/01/2026,26300,
15/01/2026,26900,
16/01/2026,24600,
19/01/2026,25450,
20/01/2026,24300,
21/01/2026,24200,
22/01/2026,24200,
23/01/2026,23900,
26/01/2026,24000,
27/01/2026,23550,
28/01/2026,24050,
29/01/2026,25350,
30/01/2026,24950,
02/02/2026,24100,
03/02/2026,26300,
04/02/2026,25650,
05/02/2026,23950,
06/02/2026,23150,
09/02/2026,23750,
10/02/2026,24000,
11/02/2026,23800,
12/02/2026,24000,
13/02/2026,23050,
19/02/2026,24050,